ID_Compra_HW,Fecha,Departamento,Categoria,Marca,Precio_Unitario,Rating_Rendimiento,Cantidad,Coste_Total
HW-1000,2025-06-21,RRHH,Monitor,HP,344.1,4.1,10,3441.0
HW-1001,2025-05-27,Marketing,Raton,Logitech,95.77,4.2,31,2968.87
HW-1002,2025-07-28,Ventas,Raton,Dell,13.58,3.5,35,475.3
HW-1003,2025-03-16,IT,Teclado,Razer,48.58,5.0,47,2283.26
HW-1004,2026-04-04,Marketing,Monitor,Dell,362.15,4.6,2,724.3
HW-1005,2025-12-08,IT,Monitor,Razer,333.88,3.5,15,5008.2
HW-1006,2025-10-27,Logistica,Monitor,HP,374.95,3.4,10,3749.5
HW-1007,2025-08-07,Marketing,Portatil,Lenovo,914.71,4.4,11,10061.81
HW-1008,2025-05-10,Logistica,Raton,HP,21.3,3.8,9,191.7
HW-1009,2026-04-01,Logistica,Portatil,Dell,1432.91,4.4,40,57316.4
HW-1010,2026-03-12,Ventas,Teclado,Logitech,60.95,3.3,2,121.9
HW-1011,2025-04-16,IT,Portatil,Dell,1493.73,3.3,6,8962.38
HW-1012,2025-04-13,RRHH,Teclado,Logitech,33.1,4.6,47,1555.7
HW-1013,2026-05-15,IT,Monitor,Logitech,277.58,5.0,27,7494.66
HW-1014,2025-11-25,Logistica,Raton,Razer,92.27,4.1,20,1845.4
HW-1015,2025-01-01,Ventas,Teclado,Razer,54.06,3.4,8,432.48
HW-1016,2025-06-26,Ventas,Teclado,Lenovo,33.15,4.4,26,861.9
HW-1017,2026-03-27,Logistica,Teclado,Lenovo,32.4,3.9,23,745.2
HW-1018,2026-03-24,Marketing,Monitor,Razer,159.47,3.6,48,7654.56
HW-1019,2025-08-21,Ventas,Teclado,Dell,15.51,4.6,6,93.06
HW-1020,2025-02-23,Logistica,Raton,Logitech,89.88,4.2,14,1258.32
HW-1021,2025-03-27,RRHH,Teclado,Razer,43.24,3.7,26,1124.24
HW-1022,2025-08-03,Ventas,Monitor,Lenovo,150.68,4.2,19,2862.92
HW-1023,2025-05-31,Logistica,Monitor,Dell,316.5,3.9,41,12976.5
HW-1024,2025-05-02,Logistica,Monitor,Lenovo,389.57,4.3,30,11687.1
HW-1025,2025-01-07,Logistica,Monitor,Logitech,166.72,5.0,26,4334.72
HW-1026,2025-11-23,Marketing,Teclado,Lenovo,29.28,4.6,12,351.36
HW-1027,2025-12-04,Ventas,Monitor,Razer,280.37,4.6,39,10934.43
HW-1028,2025-03-08,Logistica,Raton,Razer,35.84,4.9,32,1146.88
HW-1029,2026-01-12,IT,Raton,HP,23.84,3.7,33,786.72
HW-1030,2025-12-10,Ventas,Raton,Lenovo,19.61,4.7,38,745.18
HW-1031,2025-10-14,Ventas,Raton,HP,28.81,4.5,8,230.48
HW-1032,2025-05-13,IT,Monitor,Razer,395.33,3.4,27,10673.91
HW-1033,2025-08-21,RRHH,Raton,Lenovo,31.04,4.2,35,1086.4
HW-1034,2025-03-27,Logistica,Monitor,Razer,314.77,3.9,42,13220.34
HW-1035,2025-03-21,Ventas,Raton,Dell,36.53,3.0,49,1789.97
HW-1036,2026-04-03,Marketing,Teclado,HP,24.75,3.4,2,49.5
HW-1037,2025-12-03,Ventas,Raton,Dell,13.13,3.3,40,525.2
HW-1038,2025-05-09,IT,Monitor,Lenovo,311.54,3.7,43,13396.22
HW-1039,2025-12-31,Logistica,Teclado,Logitech,49.09,4.9,1,49.09
HW-1040,2025-08-04,IT,Portatil,HP,1266.43,3.7,44,55722.92
HW-1041,2025-12-06,Marketing,Teclado,HP,26.56,4.1,16,424.96
HW-1042,2025-06-26,Marketing,Raton,Lenovo,35.51,3.8,13,461.63
HW-1043,2025-06-19,RRHH,Monitor,HP,278.56,4.0,45,12535.2
HW-1044,2025-05-09,Ventas,Raton,Razer,20.45,3.6,9,184.05
HW-1045,2025-08-29,RRHH,Portatil,HP,1118.92,3.3,11,12308.12
HW-1046,2026-03-07,IT,Monitor,Dell,167.67,3.8,38,6371.46
HW-1047,2025-04-27,IT,Monitor,Razer,293.67,5.0,8,2349.36
HW-1048,2025-11-12,RRHH,Raton,Razer,40.43,5.0,26,1051.18
HW-1049,2026-02-01,Marketing,Teclado,Logitech,22.06,4.2,34,750.04
HW-1050,2026-04-03,IT,Raton,Dell,23.96,3.4,44,1054.24
HW-1051,2025-12-04,Logistica,Portatil,Dell,1474.67,4.0,42,61936.14
HW-1052,2025-08-20,Logistica,Raton,Logitech,75.6,3.9,49,3704.4
HW-1053,2026-03-14,RRHH,Raton,Dell,37.85,3.2,35,1324.75
HW-1054,2025-08-13,Ventas,Portatil,Lenovo,1247.16,4.7,22,27437.52
HW-1055,2026-05-01,IT,Teclado,Dell,17.16,4.2,37,634.92
HW-1056,2025-09-08,Logistica,Raton,Dell,14.21,3.3,10,142.1
HW-1057,2025-12-05,IT,Portatil,Lenovo,815.58,4.1,18,14680.44
HW-1058,2025-12-03,Marketing,Raton,Logitech,71.98,4.3,15,1079.7
HW-1059,2025-01-29,Ventas,Teclado,Logitech,82.93,4.4,42,3483.06
HW-1060,2025-04-16,RRHH,Raton,Dell,17.84,3.4,3,53.52
HW-1061,2025-07-29,Ventas,Raton,Dell,38.64,4.7,32,1236.48
HW-1062,2026-03-19,Marketing,Monitor,Razer,181.13,3.3,32,5796.16
HW-1063,2025-06-19,RRHH,Raton,HP,19.92,3.7,42,836.64
HW-1064,2026-04-29,Logistica,Raton,Lenovo,35.22,3.0,47,1655.34
HW-1065,2026-03-13,IT,Raton,Razer,39.54,4.4,5,197.7
HW-1066,2025-11-11,RRHH,Teclado,Logitech,43.7,4.9,24,1048.8
HW-1067,2025-04-18,Logistica,Teclado,Logitech,111.93,4.9,11,1231.23
HW-1068,2025-01-24,Ventas,Raton,Razer,88.15,3.8,5,440.75
HW-1069,2025-11-08,Marketing,Portatil,HP,708.94,3.9,18,12760.92
HW-1070,2026-04-19,RRHH,Teclado,Razer,59.26,3.3,25,1481.5
HW-1071,2025-05-12,RRHH,Raton,Dell,26.48,3.2,8,211.84
HW-1072,2025-01-02,Logistica,Portatil,HP,728.28,4.0,20,14565.6
HW-1073,2025-11-20,IT,Raton,Logitech,23.94,3.7,18,430.92
HW-1074,2025-10-23,RRHH,Portatil,HP,775.7,4.6,46,35682.2
HW-1075,2026-05-06,RRHH,Portatil,Dell,912.84,4.6,28,25559.52
HW-1076,2026-01-18,Ventas,Portatil,HP,949.99,4.8,17,16149.83
HW-1077,2026-05-18,IT,Teclado,Logitech,24.77,3.7,23,569.71
HW-1078,2025-06-20,Logistica,Raton,Logitech,105.17,3.8,32,3365.44
HW-1079,2026-02-15,Marketing,Raton,Dell,28.11,4.0,30,843.3
HW-1080,2025-11-08,Ventas,Raton,Razer,60.35,4.1,21,1267.35
HW-1081,2025-11-12,IT,Raton,Logitech,47.18,3.8,38,1792.84
HW-1082,2026-03-26,Marketing,Raton,Lenovo,12.7,4.5,22,279.4
HW-1083,2025-06-29,Marketing,Teclado,Dell,38.67,4.5,35,1353.45
HW-1084,2025-04-13,Logistica,Portatil,Dell,1169.93,3.8,21,24568.53
HW-1085,2025-10-29,Marketing,Portatil,HP,851.13,4.2,8,6809.04
HW-1086,2025-06-27,Ventas,Portatil,Dell,1089.28,3.4,29,31589.12
HW-1087,2025-01-01,RRHH,Raton,HP,24.29,3.7,3,72.87
HW-1088,2025-11-05,RRHH,Monitor,Dell,220.96,4.3,6,1325.76
HW-1089,2025-03-05,IT,Raton,Logitech,94.08,4.0,46,4327.68
HW-1090,2025-07-12,IT,Raton,Dell,29.98,3.9,23,689.54
HW-1091,2025-12-04,Logistica,Raton,Logitech,68.34,5.0,46,3143.64
HW-1092,2025-07-21,RRHH,Teclado,Dell,19.69,4.0,16,315.04
HW-1093,2025-11-23,Logistica,Teclado,Logitech,58.9,4.7,18,1060.2
HW-1094,2025-07-30,IT,Portatil,Lenovo,736.45,3.1,7,5155.15
HW-1095,2025-05-08,IT,Monitor,Dell,220.77,3.4,27,5960.79
HW-1096,2026-05-31,Marketing,Monitor,Logitech,205.93,4.6,36,7413.48
HW-1097,2026-01-11,Marketing,Raton,Logitech,29.39,3.3,27,793.53
HW-1098,2025-01-14,IT,Teclado,Dell,24.12,4.6,29,699.48
HW-1099,2025-08-12,Marketing,Monitor,Lenovo,166.31,4.6,28,4656.68
HW-1100,2026-05-14,Marketing,Monitor,HP,160.99,3.6,3,482.97
HW-1101,2026-01-07,Logistica,Portatil,Dell,1241.56,4.3,42,52145.52
HW-1102,2026-01-15,RRHH,Teclado,HP,30.88,3.7,15,463.2
HW-1103,2026-04-09,IT,Portatil,Dell,1199.43,3.7,28,33584.04
HW-1104,2026-05-08,Marketing,Raton,Logitech,87.59,3.4,25,2189.75
HW-1105,2025-05-11,IT,Monitor,Dell,159.05,4.2,32,5089.6
HW-1106,2026-04-08,RRHH,Raton,Logitech,76.65,3.7,42,3219.3
HW-1107,2025-12-06,RRHH,Monitor,Dell,230.04,4.1,19,4370.76
HW-1108,2025-05-30,Ventas,Portatil,Lenovo,1348.59,3.4,10,13485.9
HW-1109,2025-08-31,RRHH,Raton,Dell,18.82,4.0,42,790.44
HW-1110,2025-03-21,Marketing,Monitor,HP,368.34,4.7,43,15838.62
HW-1111,2025-05-21,Marketing,Monitor,Lenovo,282.19,4.2,27,7619.13
HW-1112,2025-03-06,IT,Raton,Lenovo,10.51,4.6,49,514.99
HW-1113,2025-12-28,RRHH,Monitor,Dell,271.83,4.0,16,4349.28
HW-1114,2025-07-03,Logistica,Raton,Lenovo,12.47,3.3,41,511.27
HW-1115,2025-09-18,Logistica,Monitor,Lenovo,182.05,3.0,29,5279.45
HW-1116,2025-10-15,RRHH,Teclado,Lenovo,31.94,4.0,22,702.68
HW-1117,2025-04-13,RRHH,Raton,Razer,31.02,4.5,11,341.22
HW-1118,2025-12-09,RRHH,Portatil,Dell,1495.05,3.6,40,59802.0
HW-1119,2025-11-27,Marketing,Raton,Razer,22.19,4.3,10,221.9
HW-1120,2025-11-15,Logistica,Raton,Lenovo,16.11,4.6,1,16.11
HW-1121,2025-08-15,IT,Portatil,Dell,881.07,3.8,46,40529.22
HW-1122,2026-04-06,Logistica,Teclado,Lenovo,12.72,3.1,8,101.76
HW-1123,2026-03-07,RRHH,Teclado,HP,34.94,4.8,26,908.44
HW-1124,2026-02-26,Marketing,Raton,Dell,24.99,3.6,22,549.78
HW-1125,2026-04-17,Marketing,Monitor,Razer,219.22,4.1,38,8330.36
HW-1126,2026-04-19,Logistica,Raton,Lenovo,27.83,4.7,45,1252.35
HW-1127,2025-11-18,Ventas,Raton,HP,29.68,4.5,30,890.4
HW-1128,2026-04-27,Ventas,Monitor,HP,225.85,3.2,9,2032.65
HW-1129,2025-07-16,IT,Portatil,HP,1083.47,4.0,37,40088.39
HW-1130,2025-12-01,RRHH,Portatil,Dell,924.88,4.6,42,38844.96
HW-1131,2026-02-19,Logistica,Teclado,HP,31.37,4.7,35,1097.95
HW-1132,2025-08-22,RRHH,Teclado,HP,13.83,3.3,6,82.98
HW-1133,2025-08-07,RRHH,Teclado,Razer,112.5,4.0,17,1912.5
HW-1134,2025-05-12,Marketing,Portatil,HP,1112.28,3.6,28,31143.84
HW-1135,2026-04-07,IT,Monitor,Dell,364.53,3.6,21,7655.13
HW-1136,2026-01-20,Logistica,Raton,Lenovo,28.06,3.8,35,982.1
HW-1137,2025-04-17,IT,Teclado,Logitech,71.55,4.1,32,2289.6
HW-1138,2025-07-22,Marketing,Monitor,HP,311.83,3.3,44,13720.52
HW-1139,2026-02-28,Ventas,Portatil,Lenovo,722.66,3.9,41,29629.06
HW-1140,2026-03-19,IT,Teclado,Dell,25.45,3.1,44,1119.8
HW-1141,2025-04-12,Logistica,Monitor,Razer,309.03,4.4,5,1545.15
HW-1142,2026-05-10,Ventas,Teclado,Dell,19.92,4.0,42,836.64
HW-1143,2025-07-10,IT,Portatil,Dell,911.33,3.9,29,26428.57
HW-1144,2025-12-12,RRHH,Teclado,Razer,36.83,4.1,29,1068.07
HW-1145,2026-05-17,Marketing,Portatil,HP,1021.17,3.2,9,9190.53
HW-1146,2025-01-19,IT,Monitor,Dell,389.31,4.4,41,15961.71
HW-1147,2025-06-11,RRHH,Monitor,Razer,350.53,4.6,1,350.53
HW-1148,2025-11-03,Ventas,Teclado,HP,13.7,3.0,42,575.4
HW-1149,2025-04-23,Logistica,Monitor,Razer,272.24,3.7,36,9800.64
HW-1150,2025-09-02,Logistica,Teclado,Razer,66.35,4.0,48,3184.8
HW-1151,2026-05-18,Ventas,Raton,HP,29.92,4.6,33,987.36
HW-1152,2025-06-03,IT,Teclado,Lenovo,20.58,3.5,27,555.66
HW-1153,2025-07-21,Marketing,Teclado,Razer,99.81,4.5,29,2894.49
HW-1154,2025-02-15,Logistica,Monitor,HP,291.26,4.8,39,11359.14
HW-1155,2025-07-23,Ventas,Teclado,HP,36.0,4.7,47,1692.0
HW-1156,2025-11-04,IT,Monitor,Lenovo,166.16,3.6,47,7809.52
HW-1157,2025-04-11,Logistica,Raton,Dell,36.18,3.0,27,976.86
HW-1158,2025-11-02,Marketing,Monitor,HP,259.53,3.5,21,5450.13
HW-1159,2026-02-04,RRHH,Portatil,Dell,972.98,4.4,25,24324.5
HW-1160,2026-01-13,RRHH,Portatil,HP,1462.13,4.5,49,71644.37
HW-1161,2025-04-29,Marketing,Teclado,HP,14.52,4.8,13,188.76
HW-1162,2025-12-21,Marketing,Portatil,HP,944.19,3.6,23,21716.37
HW-1163,2025-08-08,Marketing,Teclado,Dell,20.45,4.3,8,163.6
HW-1164,2026-01-01,IT,Raton,HP,18.23,3.1,35,638.05
HW-1165,2025-05-12,RRHH,Portatil,Lenovo,1397.37,3.7,36,50305.32
HW-1166,2025-05-01,IT,Portatil,Lenovo,1390.15,4.8,42,58386.3
HW-1167,2025-02-05,Marketing,Portatil,Dell,1363.01,3.7,5,6815.05
HW-1168,2025-03-18,Logistica,Portatil,Dell,950.31,3.6,33,31360.23
HW-1169,2026-03-08,RRHH,Teclado,HP,37.11,4.0,4,148.44
HW-1170,2025-06-11,Marketing,Teclado,Dell,32.16,3.9,35,1125.6
HW-1171,2025-03-03,IT,Raton,Razer,74.33,3.8,14,1040.62
HW-1172,2026-04-13,Ventas,Raton,Logitech,48.27,3.7,2,96.54
HW-1173,2025-03-05,Ventas,Raton,HP,17.98,4.0,23,413.54
HW-1174,2025-05-16,RRHH,Monitor,Lenovo,336.02,3.7,2,672.04
HW-1175,2025-08-16,IT,Portatil,Dell,832.46,3.7,15,12486.9
HW-1176,2026-03-31,Logistica,Teclado,Razer,52.41,4.4,14,733.74
HW-1177,2025-11-07,IT,Raton,HP,32.88,3.0,10,328.8
HW-1178,2026-01-10,IT,Monitor,HP,342.04,3.1,10,3420.4
HW-1179,2025-08-17,RRHH,Portatil,Lenovo,940.42,4.6,15,14106.3
HW-1180,2025-09-05,Ventas,Teclado,Lenovo,36.18,4.2,33,1193.94
HW-1181,2026-02-04,Marketing,Raton,Razer,54.25,5.0,18,976.5
HW-1182,2025-10-12,Ventas,Raton,Logitech,72.6,4.9,21,1524.6
HW-1183,2026-03-08,RRHH,Teclado,Dell,24.13,4.3,36,868.68
HW-1184,2026-04-25,Logistica,Monitor,Logitech,204.69,4.3,23,4707.87
HW-1185,2025-09-20,IT,Monitor,Dell,368.06,3.5,21,7729.26
HW-1186,2025-12-20,Marketing,Raton,Razer,90.83,3.8,15,1362.45
HW-1187,2025-02-28,Marketing,Raton,Logitech,41.26,3.9,33,1361.58
HW-1188,2025-04-26,Marketing,Monitor,Lenovo,284.73,4.1,17,4840.41
HW-1189,2026-03-12,IT,Portatil,Lenovo,1477.63,4.1,19,28074.97
HW-1190,2025-02-10,Marketing,Teclado,Lenovo,23.94,4.7,42,1005.48
HW-1191,2025-10-06,IT,Teclado,Lenovo,32.72,4.1,24,785.28
HW-1192,2025-03-30,Marketing,Monitor,HP,350.58,3.5,14,4908.12
HW-1193,2025-07-09,Logistica,Monitor,Logitech,383.43,3.4,10,3834.3
HW-1194,2025-07-09,Logistica,Teclado,Lenovo,17.75,3.4,17,301.75
HW-1195,2026-02-25,Ventas,Raton,HP,36.47,3.5,3,109.41
HW-1196,2025-07-31,IT,Teclado,Dell,34.26,4.0,36,1233.36
HW-1197,2026-03-26,IT,Raton,Logitech,39.48,3.7,31,1223.88
HW-1198,2025-11-28,Ventas,Monitor,Lenovo,376.02,3.5,42,15792.84
HW-1199,2025-01-01,RRHH,Monitor,Razer,389.96,4.9,24,9359.04
HW-1200,2026-04-05,IT,Raton,Razer,26.08,3.7,29,756.32
HW-1201,2025-08-21,IT,Raton,Lenovo,39.07,3.7,34,1328.38
HW-1202,2025-02-15,IT,Monitor,Razer,181.37,3.9,8,1450.96
HW-1203,2025-08-02,Logistica,Monitor,Logitech,177.17,4.4,34,6023.78
HW-1204,2025-08-12,Logistica,Teclado,Lenovo,18.5,3.5,37,684.5
HW-1205,2025-06-29,Logistica,Monitor,Razer,307.86,5.0,42,12930.12
HW-1206,2025-01-25,RRHH,Monitor,Lenovo,390.84,3.5,22,8598.48
HW-1207,2025-08-27,IT,Raton,Dell,19.05,4.1,9,171.45
HW-1208,2026-03-13,Ventas,Monitor,HP,355.66,4.2,46,16360.36
HW-1209,2026-03-13,Logistica,Raton,HP,23.97,3.1,9,215.73
HW-1210,2026-04-11,Marketing,Monitor,Lenovo,362.32,3.3,5,1811.6
HW-1211,2025-05-04,IT,Teclado,Dell,37.53,4.0,40,1501.2
HW-1212,2025-07-24,Logistica,Raton,HP,23.31,3.7,28,652.68
HW-1213,2026-01-14,Marketing,Portatil,Dell,879.27,3.5,3,2637.81
HW-1214,2025-09-16,IT,Teclado,HP,17.26,3.4,42,724.92
HW-1215,2025-10-11,Ventas,Raton,Dell,33.15,4.5,13,430.95
HW-1216,2025-12-07,IT,Raton,Lenovo,15.0,3.2,6,90.0
HW-1217,2025-11-13,Logistica,Monitor,Logitech,233.2,4.3,16,3731.2
HW-1218,2025-03-25,RRHH,Teclado,Lenovo,36.55,3.6,16,584.8
HW-1219,2025-03-19,Logistica,Monitor,HP,318.14,3.7,45,14316.3
HW-1220,2026-05-05,Marketing,Raton,Razer,112.05,4.2,24,2689.2
HW-1221,2025-07-05,IT,Monitor,HP,384.94,3.4,18,6928.92
HW-1222,2025-11-22,Ventas,Raton,Razer,70.49,3.8,11,775.39
HW-1223,2025-07-27,Marketing,Teclado,HP,38.58,4.0,8,308.64
HW-1224,2026-04-29,IT,Monitor,HP,367.76,3.4,42,15445.92
HW-1225,2025-12-28,RRHH,Monitor,HP,182.89,3.0,40,7315.6
HW-1226,2025-08-02,Logistica,Portatil,Dell,1236.56,4.1,25,30914.0
HW-1227,2025-05-18,IT,Portatil,Dell,968.99,3.4,13,12596.87
HW-1228,2025-01-30,IT,Monitor,Logitech,231.95,4.2,9,2087.55
HW-1229,2025-09-30,Ventas,Teclado,Logitech,56.61,3.6,14,792.54
HW-1230,2025-01-26,Logistica,Teclado,Dell,35.15,4.4,19,667.85
HW-1231,2025-04-01,Logistica,Monitor,Dell,169.03,4.6,30,5070.9
HW-1232,2025-04-11,RRHH,Monitor,Lenovo,358.18,3.4,18,6447.24
HW-1233,2025-01-02,Logistica,Monitor,Logitech,157.67,4.8,20,3153.4
HW-1234,2025-09-23,Logistica,Portatil,Dell,1339.05,3.5,44,58918.2
HW-1235,2026-01-11,Marketing,Portatil,HP,1102.45,3.3,1,1102.45
HW-1236,2025-06-30,Ventas,Portatil,Dell,1062.55,3.3,33,35064.15
HW-1237,2025-12-31,RRHH,Portatil,HP,1004.28,3.4,21,21089.88
HW-1238,2026-01-01,RRHH,Portatil,Lenovo,743.97,4.1,10,7439.7
HW-1239,2025-04-30,Logistica,Raton,Dell,28.18,4.2,6,169.08
HW-1240,2025-06-12,Ventas,Raton,Lenovo,17.02,4.1,8,136.16
HW-1241,2025-07-23,Ventas,Teclado,Lenovo,37.92,4.0,42,1592.64
HW-1242,2025-11-09,Ventas,Monitor,HP,255.69,3.7,45,11506.05
HW-1243,2025-08-05,Logistica,Monitor,Logitech,306.51,4.4,27,8275.77
HW-1244,2026-02-07,IT,Monitor,Logitech,175.24,4.0,32,5607.68
HW-1245,2025-05-20,IT,Teclado,Dell,21.5,4.6,38,817.0
HW-1246,2026-05-25,RRHH,Raton,HP,29.05,4.0,45,1307.25
HW-1247,2025-04-23,Marketing,Monitor,HP,347.0,3.6,3,1041.0
HW-1248,2026-04-15,Logistica,Portatil,Lenovo,1415.76,4.6,44,62293.44
HW-1249,2025-03-13,IT,Raton,Razer,32.44,3.9,35,1135.4
HW-1250,2026-05-25,Ventas,Teclado,Dell,11.8,4.7,41,483.8
HW-1251,2025-04-06,Logistica,Teclado,HP,34.99,4.6,34,1189.66
HW-1252,2025-02-04,RRHH,Portatil,Lenovo,856.97,3.5,7,5998.79
HW-1253,2026-01-02,Logistica,Portatil,Lenovo,1353.1,4.1,37,50064.7
HW-1254,2026-01-29,Marketing,Raton,HP,17.89,4.0,19,339.91
HW-1255,2026-05-25,Logistica,Monitor,Razer,340.88,4.6,25,8522.0
HW-1256,2025-07-15,IT,Monitor,Razer,381.66,4.0,25,9541.5
HW-1257,2025-06-05,RRHH,Monitor,Dell,213.53,4.2,36,7687.08
HW-1258,2025-11-12,RRHH,Raton,Dell,34.26,4.4,42,1438.92
HW-1259,2025-11-30,Marketing,Raton,HP,14.71,3.9,39,573.69
HW-1260,2025-12-26,Marketing,Raton,Lenovo,37.48,3.5,12,449.76
HW-1261,2025-02-01,Marketing,Portatil,HP,941.82,4.6,1,941.82
HW-1262,2026-05-12,Logistica,Portatil,Dell,847.63,4.3,31,26276.53
HW-1263,2026-03-11,Marketing,Portatil,Dell,865.53,4.6,2,1731.06
HW-1264,2025-05-04,IT,Portatil,HP,1052.84,3.0,10,10528.4
HW-1265,2025-08-01,Logistica,Teclado,Dell,14.58,3.3,5,72.9
HW-1266,2025-05-29,IT,Teclado,HP,25.98,4.2,11,285.78
HW-1267,2025-12-02,RRHH,Monitor,Dell,278.49,4.1,40,11139.6
HW-1268,2026-03-25,Ventas,Teclado,Logitech,107.18,4.5,7,750.26
HW-1269,2026-02-23,Marketing,Portatil,Dell,1398.78,3.9,37,51754.86
HW-1270,2025-01-22,RRHH,Monitor,HP,174.99,3.8,2,349.98
HW-1271,2025-04-30,Ventas,Portatil,Lenovo,1266.9,3.4,10,12669.0
HW-1272,2026-05-09,Marketing,Raton,Dell,21.08,3.1,2,42.16
HW-1273,2025-04-20,IT,Monitor,Logitech,176.81,3.5,30,5304.3
HW-1274,2025-02-10,RRHH,Raton,HP,33.24,4.7,19,631.56
HW-1275,2026-04-16,Ventas,Raton,Razer,95.57,3.7,14,1337.98
HW-1276,2025-06-09,IT,Portatil,HP,716.69,4.2,43,30817.67
HW-1277,2025-12-15,Marketing,Monitor,HP,253.95,4.0,46,11681.7
HW-1278,2025-04-14,Ventas,Monitor,Lenovo,386.94,3.2,21,8125.74
HW-1279,2025-10-22,RRHH,Monitor,Logitech,161.05,3.9,30,4831.5
HW-1280,2026-05-15,Marketing,Portatil,Dell,1064.13,3.0,30,31923.9
HW-1281,2025-08-14,IT,Raton,Razer,110.68,3.8,13,1438.84
HW-1282,2025-12-03,Marketing,Teclado,Lenovo,24.29,4.5,3,72.87
HW-1283,2026-05-02,Logistica,Portatil,Lenovo,989.03,3.6,4,3956.12
HW-1284,2026-03-06,Logistica,Raton,HP,15.38,3.2,29,446.02
HW-1285,2025-04-10,Marketing,Portatil,Dell,1070.15,4.5,29,31034.35
HW-1286,2025-05-21,RRHH,Raton,Razer,57.02,3.8,48,2736.96
HW-1287,2025-06-06,Marketing,Raton,HP,16.15,3.8,21,339.15
HW-1288,2026-04-08,Ventas,Portatil,Dell,929.62,3.6,44,40903.28
HW-1289,2025-04-30,IT,Raton,Lenovo,35.63,4.2,9,320.67
HW-1290,2025-02-19,Ventas,Portatil,Lenovo,1129.42,3.5,11,12423.62
HW-1291,2025-07-30,RRHH,Portatil,HP,1057.55,3.5,14,14805.7
HW-1292,2026-05-07,Ventas,Raton,Logitech,95.73,3.6,37,3542.01
HW-1293,2026-02-25,Ventas,Raton,Dell,16.41,4.0,35,574.35
HW-1294,2025-05-08,Marketing,Raton,HP,17.7,4.6,20,354.0
HW-1295,2025-10-08,IT,Portatil,Lenovo,1253.3,4.0,20,25066.0
HW-1296,2026-03-05,RRHH,Portatil,Dell,1176.36,4.6,24,28232.64
HW-1297,2025-09-13,Logistica,Monitor,HP,290.83,3.1,21,6107.43
HW-1298,2025-07-23,Ventas,Raton,Logitech,66.1,4.5,43,2842.3
HW-1299,2025-08-29,Marketing,Monitor,Lenovo,352.78,4.0,10,3527.8
HW-1300,2025-06-16,Logistica,Monitor,Lenovo,388.39,4.7,13,5049.07
HW-1301,2025-08-09,Marketing,Monitor,Lenovo,394.04,3.4,21,8274.84
HW-1302,2026-01-17,Logistica,Teclado,Lenovo,23.67,3.7,49,1159.83
HW-1303,2025-03-03,IT,Monitor,Dell,324.98,4.6,34,11049.32
HW-1304,2025-02-25,Ventas,Teclado,Razer,30.75,4.9,12,369.0
HW-1305,2025-11-04,Ventas,Raton,Lenovo,15.34,3.8,6,92.04
HW-1306,2025-02-02,Marketing,Raton,Dell,16.49,3.3,17,280.33
HW-1307,2026-02-23,Logistica,Teclado,HP,34.87,4.5,46,1604.02
HW-1308,2025-07-07,IT,Raton,Lenovo,33.05,4.0,38,1255.9
HW-1309,2025-04-27,Ventas,Monitor,Logitech,391.96,4.1,43,16854.28
HW-1310,2025-04-28,RRHH,Raton,HP,21.28,3.8,44,936.32
HW-1311,2025-08-02,IT,Teclado,Logitech,24.97,4.4,6,149.82
HW-1312,2026-05-05,IT,Raton,Lenovo,29.69,4.1,37,1098.53
HW-1313,2026-04-20,IT,Raton,Razer,108.82,3.9,24,2611.68
HW-1314,2025-06-10,Ventas,Monitor,Logitech,196.94,3.6,4,787.76
HW-1315,2025-11-04,Ventas,Teclado,Logitech,118.23,4.4,11,1300.53
HW-1316,2025-09-29,Marketing,Raton,Lenovo,27.86,3.7,48,1337.28
HW-1317,2025-12-19,IT,Monitor,Dell,249.56,3.7,45,11230.2
HW-1318,2025-01-15,Ventas,Raton,Lenovo,18.88,4.0,38,717.44
HW-1319,2026-03-15,IT,Raton,Lenovo,25.61,3.8,17,435.37
HW-1320,2026-02-11,RRHH,Monitor,Razer,234.04,3.3,40,9361.6
HW-1321,2025-04-02,Ventas,Raton,Razer,64.34,4.0,41,2637.94
HW-1322,2025-01-15,Ventas,Portatil,Lenovo,1378.34,3.5,20,27566.8
HW-1323,2025-12-09,IT,Raton,Lenovo,35.69,4.3,18,642.42
HW-1324,2026-03-08,Marketing,Portatil,Lenovo,800.78,3.3,47,37636.66
HW-1325,2025-01-14,Logistica,Portatil,Lenovo,982.65,4.0,36,35375.4
HW-1326,2025-06-13,Marketing,Raton,Lenovo,17.58,4.1,9,158.22
HW-1327,2025-04-19,RRHH,Raton,Razer,118.15,4.8,10,1181.5
HW-1328,2026-03-02,Marketing,Portatil,Lenovo,1118.79,4.2,11,12306.69
HW-1329,2025-03-23,Logistica,Raton,Dell,31.48,3.8,40,1259.2
HW-1330,2025-09-26,Marketing,Portatil,HP,833.49,3.9,6,5000.94
HW-1331,2025-06-27,IT,Monitor,Logitech,273.51,3.8,17,4649.67
HW-1332,2025-09-07,Ventas,Raton,Razer,66.76,3.8,23,1535.48
HW-1333,2025-03-14,RRHH,Raton,Logitech,52.84,3.4,41,2166.44
HW-1334,2025-10-09,Ventas,Monitor,Dell,243.26,4.1,16,3892.16
HW-1335,2026-04-30,Logistica,Portatil,Dell,1239.1,4.8,33,40890.3
HW-1336,2025-02-24,RRHH,Teclado,Dell,14.88,4.5,15,223.2
HW-1337,2026-02-17,RRHH,Teclado,HP,11.06,3.1,36,398.16
HW-1338,2025-05-21,Marketing,Portatil,Dell,955.32,4.7,18,17195.76
HW-1339,2025-02-01,IT,Monitor,Logitech,327.44,4.9,10,3274.4
HW-1340,2025-12-20,IT,Portatil,Dell,1375.77,4.1,40,55030.8
HW-1341,2025-01-01,IT,Raton,Lenovo,31.44,3.2,19,597.36
HW-1342,2026-02-24,IT,Monitor,Logitech,167.23,4.8,40,6689.2
HW-1343,2025-08-10,Ventas,Monitor,HP,220.34,4.7,46,10135.64
HW-1344,2025-01-29,Logistica,Monitor,Logitech,331.06,3.9,28,9269.68
HW-1345,2026-02-19,RRHH,Raton,Razer,34.49,4.8,18,620.82
HW-1346,2025-04-07,Ventas,Portatil,Lenovo,1239.62,3.1,8,9916.96
HW-1347,2025-12-29,IT,Teclado,Dell,27.59,4.2,41,1131.19
HW-1348,2026-02-05,Logistica,Monitor,Logitech,336.74,3.8,2,673.48
HW-1349,2025-04-21,IT,Teclado,Dell,29.65,4.4,33,978.45
HW-1350,2025-11-17,Marketing,Raton,HP,29.33,3.2,15,439.95
HW-1351,2025-03-22,Logistica,Monitor,Lenovo,198.29,4.6,23,4560.67
HW-1352,2026-02-15,IT,Teclado,Razer,36.09,3.3,5,180.45
HW-1353,2025-01-16,Ventas,Raton,Logitech,110.85,3.6,25,2771.25
HW-1354,2025-09-06,RRHH,Portatil,HP,1059.52,3.7,32,33904.64
HW-1355,2025-12-18,IT,Portatil,HP,1432.84,3.0,20,28656.8
HW-1356,2025-08-18,IT,Portatil,Lenovo,1320.1,4.5,20,26402.0
HW-1357,2025-10-12,IT,Monitor,Razer,335.46,3.8,6,2012.76
HW-1358,2026-04-05,Marketing,Portatil,Lenovo,1192.49,3.5,6,7154.94
HW-1359,2025-03-23,RRHH,Raton,Logitech,97.61,3.7,8,780.88
HW-1360,2025-01-05,IT,Teclado,Razer,87.72,4.6,8,701.76
HW-1361,2025-03-15,Ventas,Monitor,Razer,251.11,4.7,18,4519.98
HW-1362,2025-01-09,Marketing,Teclado,Dell,35.75,3.6,42,1501.5
HW-1363,2025-08-10,Ventas,Teclado,Dell,24.38,3.4,4,97.52
HW-1364,2025-08-28,Logistica,Raton,Logitech,109.7,4.1,12,1316.4
HW-1365,2025-01-22,Logistica,Teclado,Razer,38.67,4.0,20,773.4
HW-1366,2025-02-22,Logistica,Raton,Razer,51.1,3.9,5,255.5
HW-1367,2025-09-10,Ventas,Monitor,Dell,206.04,3.7,31,6387.24
HW-1368,2025-09-10,Marketing,Monitor,Dell,339.6,3.5,13,4414.8
HW-1369,2026-05-25,Logistica,Monitor,Razer,186.65,4.7,29,5412.85
HW-1370,2025-02-13,RRHH,Teclado,Razer,79.75,4.6,33,2631.75
HW-1371,2026-02-04,RRHH,Raton,HP,35.83,4.1,47,1684.01
HW-1372,2025-05-30,IT,Portatil,Dell,1390.72,3.4,1,1390.72
HW-1373,2026-01-18,Ventas,Raton,Dell,19.55,3.9,42,821.1
HW-1374,2025-07-17,IT,Monitor,Dell,333.15,3.2,16,5330.4
HW-1375,2025-06-23,IT,Portatil,Dell,1430.54,4.3,43,61513.22
HW-1376,2026-03-28,Ventas,Teclado,HP,19.56,3.6,48,938.88
HW-1377,2025-12-05,Marketing,Portatil,Dell,1493.73,4.6,23,34355.79
HW-1378,2025-01-08,Logistica,Monitor,Logitech,327.83,3.4,37,12129.71
HW-1379,2025-11-21,IT,Monitor,Lenovo,295.97,3.5,10,2959.7
HW-1380,2025-12-19,Marketing,Monitor,Logitech,171.89,4.9,46,7906.94
HW-1381,2025-08-08,Marketing,Portatil,Dell,1300.4,4.0,42,54616.8
HW-1382,2025-12-13,RRHH,Monitor,HP,392.21,4.2,32,12550.72
HW-1383,2025-03-06,Logistica,Portatil,Dell,825.68,4.3,19,15687.92
HW-1384,2025-05-29,Ventas,Raton,Lenovo,22.64,3.8,7,158.48
HW-1385,2025-05-22,Logistica,Monitor,Razer,186.75,4.5,26,4855.5
HW-1386,2025-05-07,IT,Monitor,Logitech,261.31,4.4,35,9145.85
HW-1387,2025-03-27,Marketing,Raton,Lenovo,19.61,4.7,10,196.1
HW-1388,2025-02-02,RRHH,Raton,HP,33.24,4.7,4,132.96
HW-1389,2025-05-10,IT,Monitor,HP,247.38,3.4,20,4947.6
HW-1390,2025-10-31,Ventas,Portatil,Dell,1477.12,3.0,42,62039.04
HW-1391,2025-10-01,IT,Monitor,Razer,221.96,4.3,14,3107.44
HW-1392,2025-09-08,RRHH,Portatil,Dell,1411.17,3.9,39,55035.63
HW-1393,2026-04-18,IT,Teclado,Razer,82.83,4.4,43,3561.69
HW-1394,2025-04-05,Logistica,Raton,HP,18.54,3.9,24,444.96
HW-1395,2025-05-29,IT,Teclado,Logitech,104.47,5.0,47,4910.09
HW-1396,2026-01-11,Marketing,Monitor,Razer,226.34,4.6,21,4753.14
HW-1397,2025-10-14,Logistica,Monitor,Logitech,172.56,4.1,34,5867.04
HW-1398,2026-03-02,Logistica,Portatil,HP,1360.17,3.6,32,43525.44
HW-1399,2026-01-10,IT,Teclado,Logitech,20.43,3.5,17,347.31
HW-1400,2025-03-18,Ventas,Portatil,Lenovo,1374.86,3.5,27,37121.22
HW-1401,2025-09-23,Logistica,Teclado,Lenovo,24.0,3.9,36,864.0
HW-1402,2025-09-30,IT,Raton,Lenovo,36.32,4.7,7,254.24
HW-1403,2026-03-18,Ventas,Monitor,Lenovo,323.23,4.7,46,14868.58
HW-1404,2026-01-19,RRHH,Teclado,Lenovo,16.68,4.5,35,583.8
HW-1405,2025-03-23,RRHH,Teclado,Lenovo,13.38,4.4,11,147.18
HW-1406,2025-03-10,Logistica,Raton,Dell,10.37,3.4,6,62.22
HW-1407,2025-07-17,Logistica,Teclado,Logitech,90.78,3.4,27,2451.06
HW-1408,2025-06-16,Marketing,Monitor,HP,315.34,4.6,32,10090.88
HW-1409,2025-04-26,Marketing,Portatil,HP,956.79,4.2,1,956.79
HW-1410,2026-02-07,IT,Monitor,HP,183.97,3.2,47,8646.59
HW-1411,2025-04-09,Logistica,Raton,Razer,60.94,3.5,47,2864.18
HW-1412,2025-11-08,Logistica,Teclado,Dell,29.69,4.4,38,1128.22
HW-1413,2025-06-22,Ventas,Raton,Logitech,117.92,4.9,48,5660.16
HW-1414,2025-09-27,Ventas,Raton,HP,30.32,4.5,20,606.4
HW-1415,2025-04-26,IT,Monitor,HP,379.75,3.7,46,17468.5
HW-1416,2025-08-03,Logistica,Monitor,Lenovo,385.23,4.6,48,18491.04
HW-1417,2025-06-08,IT,Teclado,Dell,37.75,3.7,18,679.5
HW-1418,2026-03-27,IT,Monitor,Lenovo,300.73,4.3,35,10525.55
HW-1419,2025-09-09,IT,Portatil,HP,1319.56,3.9,4,5278.24
HW-1420,2026-03-30,Logistica,Teclado,HP,22.51,3.5,27,607.77
HW-1421,2025-04-17,IT,Teclado,Lenovo,20.5,4.1,5,102.5
HW-1422,2026-02-04,IT,Raton,HP,11.37,3.7,9,102.33
HW-1423,2025-12-18,Logistica,Monitor,Dell,152.46,4.6,36,5488.56
HW-1424,2025-11-29,RRHH,Raton,Lenovo,30.7,4.7,18,552.6
HW-1425,2025-04-17,Marketing,Monitor,HP,300.2,3.7,11,3302.2
HW-1426,2025-10-11,Marketing,Portatil,Lenovo,1100.12,3.6,25,27503.0
HW-1427,2025-01-02,Ventas,Monitor,Logitech,369.43,4.9,48,17732.64
HW-1428,2025-05-21,Ventas,Raton,Lenovo,23.08,4.5,15,346.2
HW-1429,2025-08-23,IT,Portatil,HP,1368.05,3.5,6,8208.3
HW-1430,2025-06-13,RRHH,Monitor,Lenovo,181.76,3.8,34,6179.84
HW-1431,2026-03-15,Ventas,Raton,Lenovo,11.86,4.1,29,343.94
HW-1432,2025-10-08,IT,Raton,HP,12.07,4.5,12,144.84
HW-1433,2025-07-14,Marketing,Raton,HP,33.52,3.6,5,167.6
HW-1434,2026-03-23,Ventas,Raton,Logitech,72.07,3.5,4,288.28
HW-1435,2025-03-18,IT,Portatil,HP,1359.21,3.8,33,44853.93
HW-1436,2025-09-25,Ventas,Teclado,Dell,12.43,4.1,2,24.86
HW-1437,2025-09-24,IT,Raton,HP,31.8,4.3,26,826.8
HW-1438,2025-09-14,Ventas,Monitor,HP,353.11,3.1,48,16949.28
HW-1439,2026-04-13,Marketing,Raton,Logitech,42.59,4.5,31,1320.29
HW-1440,2025-12-30,Logistica,Teclado,HP,38.1,3.8,24,914.4
HW-1441,2025-06-23,Logistica,Monitor,HP,236.26,3.2,46,10867.96
HW-1442,2025-01-10,RRHH,Raton,Dell,11.79,4.2,24,282.96
HW-1443,2025-10-04,Ventas,Monitor,HP,348.33,3.2,40,13933.2
HW-1444,2025-03-23,Logistica,Raton,Razer,46.63,4.0,19,885.97
HW-1445,2025-01-15,Ventas,Portatil,Lenovo,1035.95,4.7,29,30042.55
HW-1446,2025-04-12,Marketing,Monitor,HP,383.78,3.8,45,17270.1
HW-1447,2025-03-15,Marketing,Teclado,Lenovo,12.61,4.1,27,340.47
HW-1448,2025-04-07,Logistica,Monitor,Dell,351.42,4.3,33,11596.86
HW-1449,2025-11-10,Ventas,Teclado,Logitech,81.05,4.3,2,162.1
HW-1450,2025-11-20,IT,Monitor,Dell,217.29,4.0,18,3911.22
HW-1451,2026-01-26,Logistica,Monitor,HP,200.08,3.1,17,3401.36
HW-1452,2025-06-29,Ventas,Monitor,Razer,293.35,3.9,39,11440.65
HW-1453,2025-04-15,Marketing,Portatil,HP,738.83,3.7,12,8865.96
HW-1454,2025-11-15,RRHH,Monitor,Logitech,150.09,4.4,3,450.27
HW-1455,2025-05-14,Marketing,Raton,Logitech,60.64,3.3,31,1879.84
HW-1456,2025-09-28,Ventas,Monitor,Lenovo,280.94,3.4,3,842.82
HW-1457,2026-03-01,Ventas,Raton,Dell,34.28,3.2,24,822.72
HW-1458,2026-04-08,IT,Monitor,Dell,287.78,3.3,44,12662.32
HW-1459,2025-10-14,Ventas,Portatil,Dell,1418.54,4.1,30,42556.2
HW-1460,2026-01-30,Logistica,Raton,Lenovo,18.08,3.9,1,18.08
HW-1461,2025-04-11,IT,Monitor,HP,194.1,3.7,28,5434.8
HW-1462,2025-01-30,Ventas,Portatil,Dell,1305.77,3.6,9,11751.93
HW-1463,2025-02-13,Logistica,Raton,Lenovo,33.31,3.9,1,33.31
HW-1464,2025-08-15,Ventas,Teclado,Razer,52.3,4.8,46,2405.8
HW-1465,2026-04-09,Marketing,Teclado,Dell,20.59,4.4,8,164.72
HW-1466,2025-02-27,Ventas,Monitor,Razer,367.76,3.8,8,2942.08
HW-1467,2026-04-08,Marketing,Teclado,Razer,40.98,4.4,47,1926.06
HW-1468,2026-01-02,Ventas,Raton,Razer,46.78,4.8,49,2292.22
HW-1469,2025-04-02,Ventas,Raton,Logitech,67.63,4.5,48,3246.24
HW-1470,2025-01-18,Logistica,Teclado,Logitech,65.33,4.4,34,2221.22
HW-1471,2025-01-28,Logistica,Portatil,Dell,1382.19,4.1,25,34554.75
HW-1472,2025-06-22,Ventas,Raton,Logitech,34.07,3.4,8,272.56
HW-1473,2025-03-07,RRHH,Portatil,Dell,1182.28,3.9,41,48473.48
HW-1474,2026-05-06,RRHH,Raton,Logitech,62.74,5.0,7,439.18
HW-1475,2025-07-22,IT,Monitor,HP,274.36,3.2,2,548.72
HW-1476,2025-02-02,IT,Raton,Lenovo,12.94,4.1,45,582.3
HW-1477,2026-01-20,Logistica,Raton,Logitech,89.58,4.4,49,4389.42
HW-1478,2026-05-19,Ventas,Raton,Logitech,60.31,4.8,42,2533.02
HW-1479,2025-10-11,RRHH,Raton,Razer,62.28,5.0,11,685.08
HW-1480,2025-01-28,Ventas,Raton,Lenovo,21.67,3.1,26,563.42
HW-1481,2025-09-17,Ventas,Teclado,Lenovo,25.26,4.2,27,682.02
HW-1482,2025-06-20,Logistica,Monitor,HP,334.2,4.8,26,8689.2
HW-1483,2025-12-30,Marketing,Portatil,Lenovo,1476.68,4.5,38,56113.84
HW-1484,2025-11-20,IT,Portatil,HP,1139.08,4.2,14,15947.12
HW-1485,2026-02-12,Marketing,Raton,Razer,80.59,4.4,22,1772.98
HW-1486,2025-02-13,IT,Portatil,Lenovo,1202.5,4.5,1,1202.5
HW-1487,2026-05-23,Ventas,Raton,Lenovo,15.79,4.6,27,426.33
HW-1488,2025-06-08,IT,Portatil,Dell,835.94,3.6,31,25914.14
HW-1489,2025-04-13,Logistica,Portatil,Lenovo,911.73,3.9,1,911.73
HW-1490,2025-06-28,RRHH,Monitor,Lenovo,320.47,4.5,39,12498.33
HW-1491,2025-08-17,Marketing,Raton,HP,19.74,3.7,22,434.28
HW-1492,2026-04-21,IT,Portatil,HP,1060.02,3.1,26,27560.52
HW-1493,2025-03-01,Logistica,Portatil,Lenovo,913.47,4.3,44,40192.68
HW-1494,2025-06-07,Marketing,Raton,Logitech,50.51,3.5,49,2474.99
HW-1495,2025-01-11,RRHH,Raton,Dell,31.45,3.4,43,1352.35
HW-1496,2025-06-18,Ventas,Monitor,Logitech,241.66,4.4,43,10391.38
HW-1497,2026-01-23,Ventas,Teclado,Dell,17.25,4.1,21,362.25
HW-1498,2025-05-19,IT,Raton,Razer,64.84,3.9,30,1945.2
HW-1499,2025-06-22,Logistica,Teclado,Dell,35.63,3.0,40,1425.2
HW-1500,2026-03-27,RRHH,Teclado,Logitech,61.58,4.7,36,2216.88
HW-1501,2026-04-10,Marketing,Raton,Razer,62.71,4.9,5,313.55
HW-1502,2025-02-03,Logistica,Monitor,Lenovo,366.64,4.7,24,8799.36
HW-1503,2025-11-07,IT,Portatil,Dell,1334.69,3.6,12,16016.28
HW-1504,2026-03-07,Logistica,Monitor,Logitech,190.99,3.9,1,190.99
HW-1505,2026-04-20,RRHH,Monitor,Dell,199.09,3.3,44,8759.96
HW-1506,2026-03-31,RRHH,Raton,Lenovo,31.57,3.1,7,220.99
HW-1507,2026-01-05,Ventas,Raton,Dell,28.75,3.3,4,115.0
HW-1508,2025-10-24,Marketing,Raton,Dell,17.13,4.8,11,188.43
HW-1509,2025-09-25,IT,Teclado,Lenovo,40.0,4.5,35,1400.0
HW-1510,2025-08-10,Marketing,Monitor,Lenovo,213.11,3.4,34,7245.74
HW-1511,2026-05-24,Logistica,Portatil,Lenovo,1462.14,4.2,47,68720.58
HW-1512,2025-12-28,Ventas,Teclado,HP,39.74,4.1,39,1549.86
HW-1513,2026-03-24,Logistica,Raton,Dell,36.65,4.3,22,806.3
HW-1514,2025-10-12,Ventas,Raton,Dell,15.99,3.5,1,15.99
HW-1515,2025-02-04,Ventas,Raton,Lenovo,39.87,4.1,25,996.75
HW-1516,2025-01-09,Logistica,Portatil,Dell,1215.26,3.9,32,38888.32
HW-1517,2026-02-01,IT,Raton,Razer,99.77,4.2,49,4888.73
HW-1518,2025-08-26,Ventas,Raton,Razer,115.6,3.8,17,1965.2
HW-1519,2026-05-04,RRHH,Raton,Razer,83.75,5.0,16,1340.0
HW-1520,2026-02-26,IT,Raton,Dell,14.39,3.9,22,316.58
HW-1521,2025-11-23,RRHH,Portatil,Lenovo,1136.65,3.4,5,5683.25
HW-1522,2025-07-25,RRHH,Portatil,Dell,1180.08,4.2,44,51923.52
HW-1523,2025-03-10,Ventas,Raton,Dell,24.92,3.2,10,249.2
HW-1524,2025-05-03,IT,Monitor,HP,380.68,4.2,18,6852.24
HW-1525,2025-07-15,IT,Teclado,HP,36.79,4.0,23,846.17
HW-1526,2026-02-26,RRHH,Teclado,Dell,33.47,4.6,20,669.4
HW-1527,2025-02-19,IT,Raton,Logitech,41.66,4.4,11,458.26
HW-1528,2025-09-17,IT,Raton,HP,24.13,4.1,39,941.07
HW-1529,2025-07-30,Ventas,Portatil,Lenovo,1155.22,4.8,11,12707.42
HW-1530,2025-11-16,Logistica,Monitor,Dell,262.22,4.3,5,1311.1
HW-1531,2026-02-26,Ventas,Teclado,Lenovo,39.49,3.3,33,1303.17
HW-1532,2025-07-18,IT,Raton,Razer,117.09,3.7,6,702.54
HW-1533,2025-09-12,RRHH,Teclado,Razer,47.41,3.3,29,1374.89
HW-1534,2025-04-03,Logistica,Teclado,Dell,21.06,4.5,16,336.96
HW-1535,2025-11-14,Logistica,Teclado,Lenovo,38.62,4.2,11,424.82
HW-1536,2026-04-23,IT,Raton,Dell,16.85,3.4,46,775.1
HW-1537,2026-05-03,Ventas,Portatil,Lenovo,1127.08,4.7,23,25922.84
HW-1538,2026-01-14,Ventas,Raton,Lenovo,38.7,4.8,44,1702.8
HW-1539,2025-02-02,Logistica,Raton,Dell,34.46,3.3,48,1654.08
HW-1540,2025-10-19,IT,Teclado,HP,21.8,4.6,3,65.4
HW-1541,2025-05-05,Logistica,Monitor,Logitech,159.99,4.3,22,3519.78
HW-1542,2026-03-16,IT,Monitor,Dell,352.61,4.6,26,9167.86
HW-1543,2026-02-04,IT,Portatil,Dell,1399.27,3.7,23,32183.21
HW-1544,2025-05-15,RRHH,Portatil,HP,1106.22,4.6,40,44248.8
HW-1545,2025-05-02,Logistica,Portatil,HP,1193.79,3.3,10,11937.9
HW-1546,2025-10-28,IT,Portatil,Dell,1107.27,4.7,12,13287.24
HW-1547,2026-05-09,Ventas,Raton,Dell,32.59,4.6,8,260.72
HW-1548,2026-04-19,Logistica,Teclado,Razer,46.59,4.7,38,1770.42
HW-1549,2025-02-25,Marketing,Portatil,Lenovo,816.79,3.2,8,6534.32
HW-1550,2026-03-23,Logistica,Portatil,Lenovo,1261.85,4.0,43,54259.55
HW-1551,2025-10-31,RRHH,Portatil,Lenovo,993.98,4.3,12,11927.76
HW-1552,2025-05-16,Ventas,Monitor,HP,174.71,3.6,40,6988.4
HW-1553,2025-04-10,Marketing,Raton,HP,17.54,4.2,8,140.32
HW-1554,2025-04-09,Marketing,Raton,Dell,38.34,3.1,23,881.82
HW-1555,2026-02-03,Logistica,Teclado,Lenovo,20.33,4.6,7,142.31
HW-1556,2025-01-21,Logistica,Monitor,Logitech,173.87,3.5,14,2434.18
HW-1557,2026-02-14,Logistica,Monitor,Razer,312.52,3.6,30,9375.6
HW-1558,2026-01-04,RRHH,Monitor,Razer,318.29,4.3,9,2864.61
HW-1559,2025-01-15,Logistica,Monitor,Dell,382.83,3.1,10,3828.3
HW-1560,2025-05-12,IT,Teclado,HP,13.78,4.7,23,316.94
HW-1561,2026-02-06,Logistica,Teclado,Dell,10.13,3.9,21,212.73
HW-1562,2025-07-21,Ventas,Teclado,Lenovo,16.65,3.1,41,682.65
HW-1563,2026-02-26,Marketing,Raton,Razer,87.09,3.3,30,2612.7
HW-1564,2025-11-25,IT,Raton,HP,26.45,3.2,8,211.6
HW-1565,2025-04-30,Marketing,Raton,Logitech,62.08,3.9,48,2979.84
HW-1566,2026-02-11,Ventas,Raton,HP,24.3,3.2,36,874.8
HW-1567,2025-01-24,IT,Teclado,HP,22.86,3.2,28,640.08
HW-1568,2025-08-22,RRHH,Teclado,Razer,111.42,4.2,23,2562.66
HW-1569,2026-01-12,RRHH,Raton,Lenovo,29.69,4.7,11,326.59
HW-1570,2025-01-26,Logistica,Portatil,Lenovo,811.32,4.5,37,30018.84
HW-1571,2025-01-21,Logistica,Teclado,Razer,44.91,3.8,13,583.83
HW-1572,2025-11-25,Marketing,Portatil,Lenovo,734.62,3.7,41,30119.42
HW-1573,2025-01-24,Ventas,Monitor,Razer,265.88,4.5,37,9837.56
HW-1574,2025-06-24,Marketing,Raton,HP,28.16,4.1,20,563.2
HW-1575,2025-02-16,Marketing,Teclado,Razer,60.08,3.3,11,660.88
HW-1576,2025-08-31,IT,Monitor,HP,344.07,4.1,3,1032.21
HW-1577,2025-01-01,Ventas,Portatil,Lenovo,1305.77,3.6,5,6528.85
HW-1578,2025-11-05,Logistica,Teclado,Logitech,28.99,3.7,10,289.9
HW-1579,2025-12-15,Marketing,Monitor,Razer,337.58,4.2,33,11140.14
HW-1580,2025-10-12,Ventas,Raton,Dell,19.0,3.0,47,893.0
HW-1581,2025-05-11,RRHH,Raton,HP,32.39,4.4,4,129.56
HW-1582,2025-01-27,Ventas,Teclado,HP,10.8,3.5,49,529.2
HW-1583,2025-02-02,Ventas,Raton,HP,28.83,3.8,8,230.64
HW-1584,2025-03-21,Marketing,Monitor,Razer,272.42,4.5,10,2724.2
HW-1585,2025-03-08,IT,Raton,Logitech,26.46,4.8,24,635.04
HW-1586,2026-01-10,Logistica,Raton,Lenovo,28.47,3.7,15,427.05
HW-1587,2025-05-28,IT,Teclado,Logitech,86.87,3.7,20,1737.4
HW-1588,2025-02-22,Logistica,Monitor,Lenovo,377.29,3.1,36,13582.44
HW-1589,2025-08-17,Marketing,Monitor,Logitech,235.08,3.9,14,3291.12
HW-1590,2026-03-16,RRHH,Monitor,Logitech,263.59,3.6,33,8698.47
HW-1591,2025-12-29,Logistica,Raton,Dell,18.67,4.6,1,18.67
HW-1592,2025-03-25,Marketing,Raton,Razer,50.04,4.9,2,100.08
HW-1593,2026-03-08,Logistica,Teclado,Logitech,83.95,4.7,34,2854.3
HW-1594,2026-01-01,Marketing,Raton,Logitech,79.34,4.9,39,3094.26
HW-1595,2025-04-06,Marketing,Raton,HP,34.7,4.2,6,208.2
HW-1596,2026-02-03,Ventas,Portatil,Dell,1357.8,4.4,4,5431.2
HW-1597,2025-12-31,Marketing,Teclado,Razer,75.0,3.6,2,150.0
HW-1598,2025-04-19,Logistica,Raton,HP,25.58,3.4,34,869.72
HW-1599,2026-01-14,RRHH,Raton,HP,16.35,4.3,1,16.35
HW-1600,2025-08-16,Ventas,Raton,Dell,16.82,3.4,30,504.6
HW-1601,2025-11-23,Marketing,Raton,Dell,30.74,4.1,4,122.96
HW-1602,2025-01-01,Marketing,Teclado,Logitech,43.24,4.2,37,1599.88
HW-1603,2025-12-03,Logistica,Raton,Razer,52.72,3.6,32,1687.04
HW-1604,2025-07-28,Ventas,Raton,HP,15.82,3.3,13,205.66
HW-1605,2025-04-09,RRHH,Portatil,Lenovo,1387.17,3.9,14,19420.38
HW-1606,2025-03-17,Ventas,Raton,Logitech,86.6,4.5,38,3290.8
HW-1607,2025-06-04,Ventas,Monitor,Dell,332.73,3.9,14,4658.22
HW-1608,2025-12-14,Logistica,Teclado,Logitech,27.22,3.7,12,326.64
HW-1609,2025-06-24,IT,Teclado,Dell,36.45,4.6,6,218.7
HW-1610,2026-01-26,Logistica,Raton,Lenovo,23.35,4.0,48,1120.8
HW-1611,2025-04-15,Ventas,Teclado,Dell,33.33,4.3,1,33.33
HW-1612,2025-02-07,Logistica,Raton,Dell,38.01,3.3,13,494.13
HW-1613,2025-07-03,Ventas,Teclado,Dell,26.82,4.0,34,911.88
HW-1614,2025-10-09,Logistica,Raton,Dell,25.86,4.5,23,594.78
HW-1615,2025-10-05,Logistica,Portatil,Lenovo,706.69,3.6,35,24734.15
HW-1616,2025-03-05,Ventas,Monitor,Dell,194.95,4.1,13,2534.35
HW-1617,2025-10-26,IT,Raton,Dell,14.81,3.8,43,636.83
HW-1618,2026-01-19,RRHH,Raton,Razer,46.62,4.6,49,2284.38
HW-1619,2026-02-08,Ventas,Teclado,Razer,95.29,4.1,10,952.9
HW-1620,2025-08-12,Logistica,Raton,Logitech,41.08,3.5,21,862.68
HW-1621,2025-07-06,IT,Monitor,Razer,265.51,3.7,9,2389.59
HW-1622,2025-07-25,Marketing,Portatil,Lenovo,910.31,3.4,2,1820.62
HW-1623,2026-02-05,Logistica,Portatil,HP,1429.11,4.4,30,42873.3
HW-1624,2025-10-04,RRHH,Monitor,Dell,381.33,3.2,7,2669.31
HW-1625,2026-02-24,Marketing,Teclado,Logitech,37.93,3.3,26,986.18
HW-1626,2025-02-14,RRHH,Monitor,Logitech,244.29,3.6,24,5862.96
HW-1627,2025-04-12,Ventas,Raton,Dell,21.53,3.8,33,710.49
HW-1628,2025-02-12,IT,Raton,Lenovo,37.19,3.7,20,743.8
HW-1629,2025-04-21,RRHH,Monitor,Lenovo,327.49,3.5,26,8514.74
HW-1630,2026-01-09,Marketing,Monitor,Dell,315.84,4.1,18,5685.12
HW-1631,2025-11-15,RRHH,Teclado,Dell,31.9,4.6,21,669.9
HW-1632,2026-02-14,RRHH,Monitor,HP,232.42,3.8,12,2789.04
HW-1633,2025-08-21,Marketing,Teclado,Dell,28.78,3.3,43,1237.54
HW-1634,2026-02-09,IT,Monitor,Logitech,267.78,4.9,30,8033.4
HW-1635,2025-02-17,Marketing,Teclado,HP,38.24,4.1,2,76.48
HW-1636,2026-03-13,Marketing,Monitor,Logitech,396.64,4.4,14,5552.96
HW-1637,2025-05-10,IT,Portatil,HP,1067.4,3.8,8,8539.2
HW-1638,2026-03-31,Marketing,Raton,Lenovo,23.04,4.4,39,898.56
HW-1639,2025-08-29,Logistica,Portatil,Dell,1339.08,4.3,33,44189.64
HW-1640,2025-05-09,RRHH,Raton,HP,19.07,4.5,34,648.38
HW-1641,2025-10-14,Logistica,Monitor,HP,310.69,4.2,40,12427.6
HW-1642,2026-01-14,Ventas,Portatil,HP,1129.82,4.3,3,3389.46
HW-1643,2025-06-05,Marketing,Monitor,Lenovo,278.11,4.0,33,9177.63
HW-1644,2025-09-12,Logistica,Raton,Lenovo,35.56,3.7,32,1137.92
HW-1645,2025-09-14,RRHH,Teclado,Razer,68.14,4.9,48,3270.72
HW-1646,2025-01-09,Marketing,Monitor,Logitech,206.94,3.6,27,5587.38
HW-1647,2026-05-29,Logistica,Teclado,Dell,34.04,3.9,30,1021.2
HW-1648,2025-06-03,Logistica,Portatil,HP,1392.43,3.7,33,45950.19
HW-1649,2025-08-30,Marketing,Monitor,HP,180.99,3.3,35,6334.65
HW-1650,2026-02-05,RRHH,Portatil,Dell,762.3,4.1,36,27442.8
HW-1651,2025-01-14,Ventas,Portatil,Lenovo,742.44,4.4,42,31182.48
HW-1652,2025-02-11,Ventas,Raton,Dell,22.16,4.3,24,531.84
HW-1653,2025-02-20,IT,Monitor,Razer,308.04,4.9,36,11089.44
HW-1654,2025-01-04,RRHH,Portatil,Lenovo,1424.12,4.0,48,68357.76
HW-1655,2025-04-11,Ventas,Monitor,Dell,315.77,4.6,36,11367.72
HW-1656,2025-01-08,Marketing,Teclado,Logitech,72.87,5.0,33,2404.71
HW-1657,2025-05-31,Marketing,Portatil,Dell,850.1,4.3,37,31453.7
HW-1658,2026-01-18,Ventas,Raton,Logitech,98.01,5.0,25,2450.25
HW-1659,2026-03-08,IT,Monitor,Lenovo,199.98,3.3,19,3799.62
HW-1660,2025-12-14,Logistica,Raton,Lenovo,13.31,4.1,4,53.24
HW-1661,2026-03-07,Marketing,Teclado,Razer,50.71,3.4,45,2281.95
HW-1662,2025-11-28,Ventas,Teclado,Lenovo,25.72,3.4,40,1028.8
HW-1663,2025-03-28,Ventas,Portatil,HP,1289.64,3.5,26,33530.64
HW-1664,2026-04-04,Marketing,Raton,Lenovo,23.36,4.4,37,864.32
HW-1665,2025-04-27,Marketing,Teclado,Lenovo,13.55,4.1,44,596.2
HW-1666,2025-02-17,Ventas,Raton,Dell,21.72,3.0,34,738.48
HW-1667,2026-01-24,Marketing,Raton,Lenovo,14.98,4.1,13,194.74
HW-1668,2025-07-26,RRHH,Teclado,Logitech,68.5,5.0,16,1096.0
HW-1669,2025-01-14,RRHH,Teclado,Dell,22.94,4.4,24,550.56
HW-1670,2025-01-16,IT,Raton,Razer,94.03,3.5,27,2538.81
HW-1671,2026-01-19,RRHH,Raton,Dell,24.34,3.5,42,1022.28
HW-1672,2025-07-10,IT,Monitor,Dell,362.69,4.8,1,362.69
HW-1673,2025-10-25,Logistica,Raton,Dell,18.82,4.0,3,56.46
HW-1674,2025-09-17,IT,Monitor,Logitech,183.77,4.6,22,4042.94
HW-1675,2025-04-09,Marketing,Raton,Lenovo,21.5,4.5,31,666.5
HW-1676,2025-06-16,RRHH,Teclado,Lenovo,13.13,3.4,41,538.33
HW-1677,2025-07-21,IT,Raton,Razer,89.01,4.9,6,534.06
HW-1678,2025-05-20,Ventas,Raton,Razer,33.21,4.6,22,730.62
HW-1679,2025-02-22,Ventas,Portatil,Dell,1475.96,3.1,49,72322.04
HW-1680,2026-03-08,IT,Raton,Razer,52.05,3.3,36,1873.8
HW-1681,2025-03-24,RRHH,Raton,Lenovo,32.06,3.3,27,865.62
HW-1682,2025-09-08,Logistica,Teclado,Dell,38.67,4.7,45,1740.15
HW-1683,2025-09-08,Logistica,Raton,Logitech,102.27,4.8,10,1022.7
HW-1684,2025-11-14,RRHH,Raton,Dell,15.75,4.3,46,724.5
HW-1685,2026-04-06,Marketing,Monitor,HP,249.83,4.2,44,10992.52
HW-1686,2025-07-29,IT,Portatil,Dell,1424.04,3.7,18,25632.72
HW-1687,2025-04-02,Marketing,Monitor,Lenovo,159.1,3.5,31,4932.1
HW-1688,2025-10-22,IT,Teclado,Lenovo,18.24,3.2,49,893.76
HW-1689,2025-08-02,Marketing,Teclado,Dell,39.98,3.0,36,1439.28
HW-1690,2025-09-13,IT,Portatil,Lenovo,1034.51,3.6,22,22759.22
HW-1691,2025-03-29,IT,Teclado,Dell,26.52,3.9,25,663.0
HW-1692,2025-05-06,RRHH,Raton,Dell,23.72,3.9,37,877.64
HW-1693,2025-02-06,IT,Monitor,Razer,322.47,4.0,7,2257.29
HW-1694,2025-09-07,Marketing,Monitor,Razer,273.15,4.1,17,4643.55
HW-1695,2026-03-26,Ventas,Teclado,Razer,28.57,3.3,46,1314.22
HW-1696,2025-02-16,IT,Teclado,Logitech,96.94,3.6,10,969.4
HW-1697,2025-03-17,Ventas,Portatil,Lenovo,807.32,4.6,3,2421.96
HW-1698,2025-11-10,Ventas,Teclado,Dell,37.07,4.4,44,1631.08
HW-1699,2025-10-03,Logistica,Raton,Lenovo,19.06,3.6,47,895.82
HW-1700,2025-10-21,Ventas,Raton,Logitech,66.68,3.3,43,2867.24
HW-1701,2025-12-27,RRHH,Raton,Lenovo,27.67,4.6,12,332.04
HW-1702,2025-12-27,RRHH,Teclado,Lenovo,12.69,3.3,21,266.49
HW-1703,2025-05-10,Marketing,Raton,Dell,22.36,4.2,48,1073.28
HW-1704,2025-02-28,Marketing,Teclado,Logitech,115.41,4.4,48,5539.68
HW-1705,2025-04-20,RRHH,Portatil,Dell,1430.16,3.5,12,17161.92
HW-1706,2025-04-04,Ventas,Raton,Lenovo,30.67,3.7,5,153.35
HW-1707,2025-08-24,Marketing,Teclado,Dell,26.13,4.8,21,548.73
HW-1708,2026-01-14,Ventas,Teclado,Logitech,72.4,4.9,30,2172.0
HW-1709,2025-01-12,IT,Raton,Razer,114.74,3.6,18,2065.32
HW-1710,2025-09-02,Marketing,Raton,Razer,76.42,5.0,43,3286.06
HW-1711,2026-03-08,Ventas,Portatil,Lenovo,1226.95,4.7,47,57666.65
HW-1712,2025-06-27,Ventas,Monitor,HP,289.97,3.0,3,869.91
HW-1713,2026-02-02,Marketing,Raton,Dell,32.28,3.7,47,1517.16
HW-1714,2025-07-06,RRHH,Monitor,Lenovo,346.98,4.6,47,16308.06
HW-1715,2025-08-02,IT,Teclado,HP,29.11,4.0,48,1397.28
HW-1716,2025-02-09,RRHH,Portatil,Lenovo,736.22,3.3,5,3681.1
HW-1717,2025-07-06,Marketing,Monitor,HP,357.05,4.6,24,8569.2
HW-1718,2026-03-27,Ventas,Raton,Razer,104.1,4.6,31,3227.1
HW-1719,2025-03-24,Logistica,Raton,HP,21.5,3.5,34,731.0
HW-1720,2025-12-02,IT,Portatil,Lenovo,1043.21,3.7,10,10432.1
HW-1721,2025-04-26,Marketing,Monitor,Lenovo,335.29,4.7,33,11064.57
HW-1722,2026-01-09,Marketing,Raton,Logitech,31.71,4.2,24,761.04
HW-1723,2025-06-04,IT,Monitor,HP,217.91,3.6,4,871.64
HW-1724,2026-02-09,RRHH,Teclado,HP,24.08,3.8,15,361.2
HW-1725,2025-12-30,RRHH,Teclado,Logitech,67.98,4.2,8,543.84
HW-1726,2026-03-30,Marketing,Raton,Lenovo,32.76,4.2,15,491.4
HW-1727,2026-05-25,RRHH,Raton,Razer,81.82,4.3,17,1390.94
HW-1728,2026-04-06,Marketing,Teclado,Logitech,61.36,3.4,16,981.76
HW-1729,2025-07-04,RRHH,Portatil,Lenovo,1247.92,3.7,47,58652.24
HW-1730,2025-11-30,Marketing,Monitor,Logitech,318.01,5.0,35,11130.35
HW-1731,2026-01-08,RRHH,Monitor,Dell,158.11,4.6,26,4110.86
HW-1732,2025-03-21,Ventas,Raton,Razer,65.44,4.4,30,1963.2
HW-1733,2025-05-21,Marketing,Raton,Lenovo,26.98,3.3,16,431.68
HW-1734,2026-01-30,RRHH,Teclado,HP,25.77,4.4,44,1133.88
HW-1735,2025-09-30,RRHH,Raton,HP,15.73,3.0,12,188.76
HW-1736,2025-10-22,IT,Portatil,Dell,729.26,3.1,12,8751.12
HW-1737,2025-07-12,Ventas,Raton,Logitech,42.66,4.3,32,1365.12
HW-1738,2026-04-06,RRHH,Teclado,Razer,58.42,4.1,42,2453.64
HW-1739,2025-02-23,Logistica,Portatil,Lenovo,715.81,3.9,44,31495.64
HW-1740,2025-07-04,Logistica,Monitor,Lenovo,279.92,4.1,6,1679.52
HW-1741,2026-02-06,Logistica,Monitor,Lenovo,348.17,4.3,6,2089.02
HW-1742,2025-03-20,Ventas,Monitor,Dell,314.5,3.1,41,12894.5
HW-1743,2026-05-23,Marketing,Teclado,Razer,33.34,5.0,2,66.68
HW-1744,2025-12-16,Ventas,Monitor,Dell,207.42,4.4,43,8919.06
HW-1745,2025-08-23,Logistica,Monitor,Logitech,232.64,4.2,47,10934.08
HW-1746,2025-03-01,Ventas,Monitor,Lenovo,257.64,3.5,13,3349.32
HW-1747,2025-10-14,Logistica,Raton,Razer,43.26,4.0,49,2119.74
HW-1748,2025-07-03,RRHH,Portatil,Dell,1163.3,4.1,47,54675.1
HW-1749,2025-12-01,IT,Raton,Lenovo,32.88,4.3,48,1578.24
HW-1750,2025-08-03,RRHH,Monitor,Dell,181.77,3.6,35,6361.95
HW-1751,2025-10-07,IT,Raton,Razer,44.31,4.9,30,1329.3
HW-1752,2026-02-24,Logistica,Monitor,HP,329.96,4.6,44,14518.24
HW-1753,2025-06-30,Marketing,Teclado,HP,18.07,3.2,17,307.19
HW-1754,2026-04-23,Ventas,Raton,HP,24.52,3.5,19,465.88
HW-1755,2025-07-06,Marketing,Monitor,Logitech,384.74,4.5,38,14620.12
HW-1756,2025-01-18,RRHH,Teclado,HP,20.74,3.4,6,124.44
HW-1757,2025-07-24,RRHH,Monitor,Razer,212.53,5.0,16,3400.48
HW-1758,2025-07-11,Logistica,Teclado,Razer,35.78,3.8,19,679.82
HW-1759,2025-07-23,IT,Raton,HP,35.91,3.5,1,35.91
HW-1760,2025-08-27,RRHH,Monitor,Razer,271.67,5.0,18,4890.06
HW-1761,2025-03-25,Marketing,Raton,Dell,16.45,3.8,43,707.35
HW-1762,2025-08-30,IT,Portatil,Lenovo,1136.66,3.3,18,20459.88
HW-1763,2025-03-22,RRHH,Raton,Logitech,109.26,4.8,45,4916.7
HW-1764,2025-06-21,IT,Monitor,HP,313.09,3.6,38,11897.42
HW-1765,2026-04-04,Marketing,Portatil,Lenovo,954.59,4.1,49,46774.91
HW-1766,2026-04-06,Ventas,Monitor,Logitech,251.85,3.9,28,7051.8
HW-1767,2025-02-17,Marketing,Portatil,HP,853.22,3.8,29,24743.38
HW-1768,2025-05-01,IT,Raton,Logitech,74.54,3.6,6,447.24
HW-1769,2025-04-08,IT,Raton,Logitech,41.26,3.5,31,1279.06
HW-1770,2025-07-03,Logistica,Monitor,Razer,198.11,3.7,16,3169.76
HW-1771,2025-10-23,Marketing,Teclado,Lenovo,23.82,4.3,32,762.24
HW-1772,2026-01-20,Logistica,Teclado,Razer,115.43,5.0,44,5078.92
HW-1773,2025-06-03,Logistica,Raton,Logitech,56.39,3.6,4,225.56
HW-1774,2025-02-14,IT,Portatil,HP,1055.75,4.6,29,30616.75
HW-1775,2026-01-27,RRHH,Monitor,Dell,307.73,4.4,13,4000.49
HW-1776,2026-05-13,Marketing,Raton,Razer,31.59,3.5,33,1042.47
HW-1777,2025-04-13,Logistica,Raton,Razer,79.22,3.8,10,792.2
HW-1778,2026-04-09,RRHH,Monitor,Dell,300.66,3.9,1,300.66
HW-1779,2025-03-29,IT,Portatil,Lenovo,1412.38,3.7,24,33897.12
HW-1780,2026-01-16,Marketing,Monitor,Razer,347.21,3.5,25,8680.25
HW-1781,2025-04-03,Ventas,Raton,Lenovo,19.54,4.8,21,410.34
HW-1782,2025-11-27,Ventas,Portatil,Lenovo,799.59,3.2,38,30384.42
HW-1783,2026-04-03,IT,Monitor,Lenovo,235.2,3.4,39,9172.8
HW-1784,2025-11-25,Logistica,Teclado,Dell,25.23,3.1,36,908.28
HW-1785,2025-12-10,RRHH,Raton,HP,39.97,4.4,41,1638.77
HW-1786,2025-09-14,Ventas,Teclado,Razer,47.07,4.9,12,564.84
HW-1787,2025-10-14,RRHH,Monitor,Razer,207.88,4.7,15,3118.2
HW-1788,2025-07-07,RRHH,Teclado,Razer,30.85,4.2,17,524.45
HW-1789,2026-04-18,IT,Raton,Dell,12.3,3.5,45,553.5
HW-1790,2026-03-11,RRHH,Teclado,Dell,11.06,3.8,17,188.02
HW-1791,2025-01-15,Ventas,Monitor,Dell,298.95,3.4,3,896.85
HW-1792,2025-08-06,IT,Monitor,Razer,171.21,4.8,49,8389.29
HW-1793,2025-02-22,Marketing,Portatil,Lenovo,963.79,3.7,11,10601.69
HW-1794,2025-04-13,Logistica,Teclado,Logitech,60.02,3.7,22,1320.44
HW-1795,2025-01-03,RRHH,Monitor,Dell,188.46,3.5,46,8669.16
HW-1796,2025-07-05,Marketing,Monitor,HP,322.15,3.8,46,14818.9
HW-1797,2025-10-21,Marketing,Raton,Razer,33.45,4.1,26,869.7
HW-1798,2025-11-16,Marketing,Raton,HP,18.97,4.8,48,910.56
HW-1799,2026-03-23,Marketing,Monitor,Dell,358.8,4.0,32,11481.6
